分类,产品名称,新文件名,完整路径
气体传感,MCECT-1.0型电化学氢气传感器,mcect_electrochemical_h2.html,pages/gassensing/mcect_electrochemical_h2.html
气体传感,MCTCX-1.0型热导式氢气传感器,mctcx_thermal_h2.html,pages/gassensing/mctcx_thermal_h2.html
气体传感,MCHS-1.0型钯合金薄膜氢气传感器,mchs_palladium_h2.html,pages/gassensing/mchs_palladium_h2.html
气体传感,MCHF-1.0型碳基场效应型氢气传感器,mchf_carbon_fet_h2.html,pages/gassensing/mchf_carbon_fet_h2.html
气体传感,MCHC-1.0型催化燃烧氢气传感器,mchc_catalytic_h2.html,pages/gassensing/mchc_catalytic_h2.html
气体传感,MCHM-1.0型氢气传感器,mchm_h2_sensor.html,pages/gassensing/mchm_h2_sensor.html
气体传感,MC-HFEV-02多用途氢气检测模块,mc_hfev_module.html,pages/gassensing/mc_hfev_module.html
气体传感,氢气检测探头,h2_detection_probe.html,pages/gassensing/h2_detection_probe.html
气体传感,MCHP-1.0型车载氢气传感模块,mchp_vehicle_h2.html,pages/gassensing/mchp_vehicle_h2.html
气体传感,LD-H2型氢气检测仪,ld_h2_detector.html,pages/gassensing/ld_h2_detector.html
气体传感,MC-HLA-01固定式氢气报警器,mc_hla_fixed_alarm.html,pages/gassensing/mc_hla_fixed_alarm.html
气体传感,MC-WD穿戴式氢气报警器,mc_wd_wearable_alarm.html,pages/gassensing/mc_wd_wearable_alarm.html
气体传感,MC-TD-01 氮氢示踪检漏仪,mc_td_leak_detector.html,pages/gassensing/mc_td_leak_detector.html
气体传感,便携式气体传感器测试模块,portable_gas_test_module.html,pages/gassensing/portable_gas_test_module.html
气体传感,高精度智能配气系统,smart_gas_mixing_system.html,pages/gassensing/smart_gas_mixing_system.html
生物传感,碳基生物封装芯片,carbon_bio_package_chip.html,pages/biosensing/carbon_bio_package_chip.html
生物传感,MC-BW-01 生物传感工作站,mc_bw_bio_workstation.html,pages/biosensing/mc_bw_bio_workstation.html
生物传感,便携式手持生物检测仪,portable_bio_detector.html,pages/biosensing/portable_bio_detector.html
生物传感,便携式血钾检测芯片,blood_potassium_chip.html,pages/biosensing/blood_potassium_chip.html
生物传感,离子检测仪,ion_detector.html,pages/biosensing/ion_detector.html
生物传感,余氯检测芯片,chlorine_detection_chip.html,pages/biosensing/chlorine_detection_chip.html
生物传感,碳基生物传感平台,carbon_bio_platform.html,pages/biosensing/carbon_bio_platform.html
生物传感,定制化生物传感芯片,custom_bio_sensor_chip.html,pages/biosensing/custom_bio_sensor_chip.html
生物传感,急性呼吸道病毒检测芯片,respiratory_virus_chip.html,pages/biosensing/respiratory_virus_chip.html
生物传感,IGZO器件,igzo_device.html,pages/biosensing/igzo_device.html
定制服务,定制气体传感模组,custom_gas_sensing_module.html,pages/customization/custom_gas_sensing_module.html
定制服务,定制仪器仪表开发,custom_instrument_dev.html,pages/customization/custom_instrument_dev.html
定制服务,微纳加工服务,micronano_fabrication.html,pages/customization/micronano_fabrication.html
